timestamp,request_count,qps
2025-03-19 17:30:00,1531,5.1033333333333335
2025-03-19 17:35:00,1395,4.65
2025-03-19 17:40:00,1381,4.6033333333333335
2025-03-19 17:45:00,1400,4.666666666666667
2025-03-19 17:50:00,1439,4.796666666666667
2025-03-19 17:55:00,1356,4.52
2025-03-19 18:00:00,1374,4.58
2025-03-19 18:05:00,1366,4.553333333333334
2025-03-19 18:10:00,1403,4.676666666666667
2025-03-19 18:15:00,1395,4.65
2025-03-19 18:20:00,1413,4.71
2025-03-19 18:25:00,1385,4.616666666666666
2025-03-19 18:30:00,1329,4.43
2025-03-19 18:35:00,1530,5.1
2025-03-19 18:40:00,469,1.5633333333333332
